{"cameraMode":{"drawMode":0,"name":"Shaded","section":"Shading Mode"},"sceneLighting":true,"audioPlay":false,"sceneViewState":{"showFog":true,"showMaterialUpdate":false,"showSkybox":false,"showFlares":true,"showImageEffects":true,"showParticleSystems":true},"in2DMode":false,"pivot":{"x":-5.807941436767578,"y":18.253284454345704,"z":14.775388717651368},"rotation":{"x":-0.008114276453852654,"y":0.984216034412384,"z":-0.17087052762508393,"w":-0.046671390533447269},"size":114.27023315429688,"orthographic":false}