{"cameraMode":{"drawMode":0,"name":"Shaded","section":"Shading Mode"},"sceneLighting":true,"audioPlay":false,"sceneViewState":{"showFog":true,"showMaterialUpdate":false,"showSkybox":true,"showFlares":true,"showImageEffects":true,"showParticleSystems":true},"in2DMode":false,"pivot":{"x":-4.629573822021484,"y":-12.68557357788086,"z":40.73728942871094},"rotation":{"x":-0.324118047952652,"y":0.44560497999191286,"z":-0.17710746824741364,"w":-0.8154857754707336},"size":43.10017395019531,"orthographic":false}