{"cameraMode":{"drawMode":0,"name":"Shaded","section":"Shading Mode"},"sceneLighting":false,"audioPlay":false,"sceneViewState":{"showFog":true,"showMaterialUpdate":false,"showSkybox":false,"showFlares":true,"showImageEffects":true,"showParticleSystems":true},"in2DMode":false,"pivot":{"x":-2.8400001525878908,"y":0.899899959564209,"z":-0.5},"rotation":{"x":0.025678150355815889,"y":0.8923565149307251,"z":-0.4476877450942993,"w":0.05118485912680626},"size":5.534366607666016,"orthographic":false}