{"cameraMode":{"drawMode":0,"name":"Shaded","section":"Shading Mode"},"sceneLighting":false,"audioPlay":false,"sceneViewState":{"showFog":true,"showMaterialUpdate":true,"showSkybox":false,"showFlares":true,"showImageEffects":true,"showParticleSystems":true},"in2DMode":false,"pivot":{"x":12.778730392456055,"y":8.326111793518067,"z":31.22093963623047},"rotation":{"x":-0.39532989263534548,"y":-0.28512173891067507,"z":0.1306276172399521,"w":-0.8634210228919983},"size":7.28246545791626,"orthographic":false}