{"cameraMode":{"drawMode":0,"name":"Shaded","section":"Shading Mode"},"sceneLighting":true,"audioPlay":false,"sceneViewState":{"showFog":true,"showMaterialUpdate":true,"showSkybox":true,"showFlares":true,"showImageEffects":true,"showParticleSystems":true},"in2DMode":false,"pivot":{"x":-11.5253324508667,"y":-40.14931106567383,"z":50.178226470947269},"rotation":{"x":0.45767033100128176,"y":-0.36998069286346438,"z":0.21762818098068238,"w":0.7787444591522217},"size":61.47706985473633,"orthographic":false}