{"cameraMode":{"drawMode":0,"name":"Shaded","section":"Shading Mode"},"sceneLighting":true,"audioPlay":false,"sceneViewState":{"showFog":true,"showMaterialUpdate":false,"showSkybox":true,"showFlares":true,"showImageEffects":true,"showParticleSystems":true},"in2DMode":false,"pivot":{"x":10.806632995605469,"y":4.95030403137207,"z":32.925838470458987},"rotation":{"x":0.44939520955085757,"y":-0.5492847561836243,"z":0.4709393382072449,"w":0.5240359902381897},"size":6.080550193786621,"orthographic":false}