{"cameraMode":{"drawMode":0,"name":"Shaded","section":"Shading Mode"},"sceneLighting":true,"audioPlay":false,"sceneViewState":{"showFog":true,"showMaterialUpdate":false,"showSkybox":true,"showFlares":true,"showImageEffects":true,"showParticleSystems":true},"in2DMode":false,"pivot":{"x":-12.859702110290528,"y":11.806922912597657,"z":33.2899169921875},"rotation":{"x":0.06451205909252167,"y":-0.7133607268333435,"z":0.06611178815364838,"w":0.6947569847106934},"size":10.349552154541016,"orthographic":true}